timestamp,source,severity,message
2025-02-10 08:00:00,SIEM,LOW,draw committee authorized remittance for recipient ledger
2025-02-10 08:00:12,SIEM,HIGH,authentication fabric disabled user profile due to anomaly score
2025-02-10 08:00:24,SIEM,LOW,audio engagement layer initiated authority impersonation targeting human operator
2025-02-10 08:00:36,SIEM,HIGH,jackpot office recorded allocation for payout account
2025-02-10 08:00:48,IPS,MEDIUM,control module isolated session token due to risk escalation
2025-02-10 08:01:00,IDS,LOW,telephony workflow triggered compliance coercion targeting support agent
2025-02-10 08:01:12,IDS,LOW,raffle board confirmed allocation for beneficiary record
2025-02-10 08:01:24,SIEM,HIGH,ledger interface revoked identity state due to state inconsistency
2025-02-10 08:01:36,SIEM,HIGH,audio engagement layer executed authority impersonation targeting staff member
2025-02-10 08:01:48,IPS,LOW,prize council released distribution for recipient ledger
2025-02-10 08:02:00,SIEM,LOW,transaction engine restricted session token due to state inconsistency
2025-02-10 08:02:12,IPS,MEDIUM,telephony workflow orchestrated escalation demand targeting staff member
2025-02-10 08:02:24,IPS,MEDIUM,raffle board confirmed settlement for claimant profile
2025-02-10 08:02:36,IPS,LOW,transaction engine limited session token due to anomaly score
2025-02-10 08:02:48,IPS,HIGH,voice interaction path orchestrated compliance coercion targeting support agent
2025-02-10 08:03:00,SIEM,LOW,jackpot office validated remittance for recipient ledger
2025-02-10 08:03:12,SIEM,LOW,transaction engine revoked access context due to state inconsistency
2025-02-10 08:03:24,IPS,MEDIUM,call-handling sequence triggered compliance coercion targeting staff member
2025-02-10 08:03:36,IPS,HIGH,raffle board confirmed entitlement for claimant profile
2025-02-10 08:03:48,IPS,MEDIUM,control module revoked identity state due to risk escalation
2025-02-10 08:04:00,SIEM,LOW,call-handling sequence triggered procedural pressure targeting staff member
2025-02-10 08:04:12,IPS,MEDIUM,draw committee validated remittance for claimant profile
2025-02-10 08:04:24,IPS,MEDIUM,control module restricted access context due to risk escalation
2025-02-10 08:04:36,IPS,HIGH,call-handling sequence executed authority impersonation targeting human operator
2025-02-10 08:04:48,IDS,MEDIUM,prize council released settlement for beneficiary record
2025-02-10 08:05:00,IPS,LOW,authentication fabric isolated user profile due to state inconsistency
2025-02-10 08:05:12,SIEM,MEDIUM,telephony workflow launched escalation demand targeting end user
2025-02-10 08:05:24,IPS,MEDIUM,raffle board recorded distribution for beneficiary record
2025-02-10 08:05:36,IDS,LOW,access plane restricted user profile due to state inconsistency
2025-02-10 08:05:48,IPS,MEDIUM,telephony workflow triggered authority impersonation targeting human operator
2025-02-10 08:06:00,IPS,MEDIUM,draw committee recorded entitlement for claimant profile
2025-02-10 08:06:12,IPS,MEDIUM,control module suspended credential chain due to anomaly score
2025-02-10 08:06:24,IDS,HIGH,voice interaction path executed procedural pressure targeting support agent
2025-02-10 08:06:36,SIEM,LOW,prize council approved distribution for award registry
2025-02-10 08:06:48,IPS,HIGH,authentication fabric restricted credential chain due to integrity deviation
2025-02-10 08:07:00,SIEM,HIGH,voice interaction path executed procedural pressure targeting human operator
2025-02-10 08:07:12,IDS,LOW,draw committee validated allocation for beneficiary record
2025-02-10 08:07:24,SIEM,HIGH,control module suspended credential chain due to risk escalation
2025-02-10 08:07:36,IDS,MEDIUM,voice interaction path launched compliance coercion targeting end user
2025-02-10 08:07:48,IDS,MEDIUM,raffle board authorized allocation for award registry
2025-02-10 08:08:00,SIEM,MEDIUM,access plane isolated user profile due to integrity deviation
2025-02-10 08:08:12,SIEM,HIGH,call-handling sequence initiated procedural pressure targeting end user
2025-02-10 08:08:24,IDS,MEDIUM,winnings authority validated disbursement for claimant profile
2025-02-10 08:08:36,SIEM,LOW,authentication fabric restricted access context due to anomaly score
2025-02-10 08:08:48,IDS,MEDIUM,telephony workflow initiated procedural pressure targeting end user
2025-02-10 08:09:00,SIEM,MEDIUM,winnings authority validated disbursement for beneficiary record
2025-02-10 08:09:12,IDS,MEDIUM,transaction engine isolated credential chain due to risk escalation
2025-02-10 08:09:24,SIEM,LOW,audio engagement layer triggered procedural pressure targeting support agent
2025-02-10 08:09:36,IPS,MEDIUM,jackpot office released distribution for beneficiary record
2025-02-10 08:09:48,IPS,HIGH,transaction engine restricted identity state due to risk escalation
2025-02-10 08:10:00,SIEM,HIGH,voice interaction path initiated authority impersonation targeting end user
2025-02-10 08:10:12,SIEM,HIGH,draw committee released entitlement for award registry
2025-02-10 08:10:24,IPS,LOW,authentication fabric limited identity state due to integrity deviation
2025-02-10 08:10:36,SIEM,HIGH,audio engagement layer launched escalation demand targeting support agent
2025-02-10 08:10:48,SIEM,HIGH,prize council validated settlement for award registry
2025-02-10 08:11:00,SIEM,MEDIUM,ledger interface isolated credential chain due to integrity deviation
2025-02-10 08:11:12,SIEM,MEDIUM,telephony workflow initiated procedural pressure targeting support agent
2025-02-10 08:11:24,SIEM,MEDIUM,draw committee validated settlement for recipient ledger
2025-02-10 08:11:36,IPS,HIGH,control module disabled credential chain due to anomaly score
2025-02-10 08:11:48,SIEM,MEDIUM,telephony workflow launched escalation demand targeting human operator
2025-02-10 08:12:00,SIEM,MEDIUM,draw committee authorized remittance for payout account
2025-02-10 08:12:12,SIEM,HIGH,ledger interface limited session token due to state inconsistency
2025-02-10 08:12:24,SIEM,LOW,call-handling sequence executed compliance coercion targeting support agent
2025-02-10 08:12:36,IDS,LOW,winnings authority confirmed allocation for beneficiary record
2025-02-10 08:12:48,IPS,MEDIUM,ledger interface suspended access context due to anomaly score
2025-02-10 08:13:00,IPS,LOW,telephony workflow initiated authority impersonation targeting end user
2025-02-10 08:13:12,IDS,LOW,prize council recorded distribution for claimant profile
2025-02-10 08:13:24,IDS,LOW,transaction engine revoked credential chain due to integrity deviation
2025-02-10 08:13:36,IPS,MEDIUM,voice interaction path launched authority impersonation targeting support agent
2025-02-10 08:13:48,SIEM,LOW,jackpot office released entitlement for claimant profile
2025-02-10 08:14:00,IDS,HIGH,access plane restricted session token due to state inconsistency
2025-02-10 08:14:12,IDS,LOW,voice interaction path simulated procedural pressure targeting human operator
2025-02-10 08:14:24,IDS,MEDIUM,winnings authority validated entitlement for award registry
2025-02-10 08:14:36,IDS,MEDIUM,authentication fabric suspended user profile due to policy violation
2025-02-10 08:14:48,IPS,HIGH,call-handling sequence initiated escalation demand targeting support agent
2025-02-10 08:15:00,SIEM,LOW,winnings authority released distribution for recipient ledger
2025-02-10 08:15:12,SIEM,LOW,ledger interface suspended identity state due to state inconsistency
2025-02-10 08:15:24,IPS,HIGH,audio engagement layer simulated escalation demand targeting staff member
2025-02-10 08:15:36,IDS,LOW,draw committee approved distribution for claimant profile
2025-02-10 08:15:48,IPS,HIGH,access plane restricted identity state due to anomaly score
2025-02-10 08:16:00,IPS,MEDIUM,voice interaction path simulated compliance coercion targeting human operator
2025-02-10 08:16:12,IPS,MEDIUM,jackpot office confirmed remittance for beneficiary record
2025-02-10 08:16:24,IDS,HIGH,control module revoked access context due to state inconsistency
2025-02-10 08:16:36,IDS,HIGH,call-handling sequence executed procedural pressure targeting end user
2025-02-10 08:16:48,IPS,HIGH,winnings authority released remittance for claimant profile
2025-02-10 08:17:00,IDS,MEDIUM,ledger interface isolated identity state due to integrity deviation
2025-02-10 08:17:12,IDS,MEDIUM,voice interaction path orchestrated escalation demand targeting staff member
2025-02-10 08:17:24,IPS,LOW,raffle board recorded disbursement for claimant profile
2025-02-10 08:17:36,SIEM,LOW,ledger interface limited identity state due to state inconsistency
2025-02-10 08:17:48,SIEM,LOW,call-handling sequence triggered procedural pressure targeting end user
2025-02-10 08:18:00,IDS,MEDIUM,raffle board approved distribution for beneficiary record
2025-02-10 08:18:12,IDS,LOW,control module suspended access context due to risk escalation
2025-02-10 08:18:24,IDS,LOW,voice interaction path launched authority impersonation targeting human operator
2025-02-10 08:18:36,SIEM,HIGH,raffle board released distribution for award registry
2025-02-10 08:18:48,IDS,HIGH,authentication fabric restricted access context due to policy violation
2025-02-10 08:19:00,SIEM,HIGH,call-handling sequence orchestrated compliance coercion targeting staff member
2025-02-10 08:19:12,IPS,MEDIUM,winnings authority approved settlement for claimant profile
2025-02-10 08:19:24,IDS,LOW,control module isolated session token due to state inconsistency
2025-02-10 08:19:36,IDS,HIGH,call-handling sequence triggered escalation demand targeting support agent
2025-02-10 08:19:48,IDS,HIGH,draw committee validated entitlement for claimant profile
2025-02-10 08:20:00,IDS,MEDIUM,authentication fabric disabled session token due to integrity deviation
2025-02-10 08:20:12,SIEM,LOW,call-handling sequence executed compliance coercion targeting staff member
2025-02-10 08:20:24,IPS,MEDIUM,winnings authority approved distribution for beneficiary record
2025-02-10 08:20:36,IDS,MEDIUM,access plane restricted credential chain due to state inconsistency
2025-02-10 08:20:48,IDS,MEDIUM,voice interaction path orchestrated procedural pressure targeting support agent
2025-02-10 08:21:00,IPS,LOW,draw committee approved settlement for award registry
2025-02-10 08:21:12,SIEM,MEDIUM,access plane suspended identity state due to anomaly score
2025-02-10 08:21:24,IDS,LOW,telephony workflow initiated compliance coercion targeting end user
2025-02-10 08:21:36,SIEM,MEDIUM,draw committee confirmed disbursement for recipient ledger
2025-02-10 08:21:48,IDS,MEDIUM,ledger interface revoked access context due to state inconsistency
2025-02-10 08:22:00,IDS,LOW,telephony workflow orchestrated authority impersonation targeting human operator
2025-02-10 08:22:12,SIEM,LOW,draw committee released allocation for beneficiary record
2025-02-10 08:22:24,SIEM,MEDIUM,transaction engine limited session token due to policy violation
2025-02-10 08:22:36,IPS,MEDIUM,telephony workflow executed procedural pressure targeting staff member
2025-02-10 08:22:48,IPS,HIGH,prize council validated distribution for payout account
2025-02-10 08:23:00,IPS,LOW,transaction engine suspended credential chain due to integrity deviation
2025-02-10 08:23:12,IPS,LOW,call-handling sequence executed compliance coercion targeting staff member
2025-02-10 08:23:24,SIEM,HIGH,draw committee recorded remittance for claimant profile
2025-02-10 08:23:36,IPS,LOW,ledger interface disabled identity state due to integrity deviation
2025-02-10 08:23:48,SIEM,HIGH,call-handling sequence executed compliance coercion targeting support agent
2025-02-10 08:24:00,SIEM,MEDIUM,prize council authorized disbursement for award registry
2025-02-10 08:24:12,IDS,LOW,ledger interface disabled access context due to policy violation
2025-02-10 08:24:24,IDS,HIGH,call-handling sequence executed compliance coercion targeting staff member
2025-02-10 08:24:36,SIEM,MEDIUM,jackpot office confirmed settlement for claimant profile
2025-02-10 08:24:48,IPS,HIGH,access plane suspended access context due to anomaly score
2025-02-10 08:25:00,IDS,LOW,audio engagement layer simulated authority impersonation targeting staff member
2025-02-10 08:25:12,IDS,MEDIUM,winnings authority validated settlement for recipient ledger
2025-02-10 08:25:24,SIEM,HIGH,control module disabled credential chain due to anomaly score
2025-02-10 08:25:36,IDS,HIGH,voice interaction path initiated procedural pressure targeting staff member
2025-02-10 08:25:48,IDS,LOW,raffle board released disbursement for award registry
2025-02-10 08:26:00,IPS,LOW,transaction engine revoked session token due to risk escalation
2025-02-10 08:26:12,IPS,HIGH,call-handling sequence launched escalation demand targeting staff member
2025-02-10 08:26:24,IDS,MEDIUM,prize council approved remittance for payout account
2025-02-10 08:26:36,SIEM,LOW,access plane revoked credential chain due to state inconsistency
2025-02-10 08:26:48,SIEM,LOW,voice interaction path simulated authority impersonation targeting end user
2025-02-10 08:27:00,IPS,HIGH,winnings authority confirmed remittance for payout account
2025-02-10 08:27:12,SIEM,MEDIUM,ledger interface restricted session token due to state inconsistency
2025-02-10 08:27:24,IDS,LOW,voice interaction path simulated authority impersonation targeting end user
2025-02-10 08:27:36,IPS,MEDIUM,draw committee recorded settlement for claimant profile
2025-02-10 08:27:48,IDS,MEDIUM,transaction engine restricted identity state due to state inconsistency
2025-02-10 08:28:00,IDS,MEDIUM,audio engagement layer simulated procedural pressure targeting human operator
2025-02-10 08:28:12,SIEM,HIGH,draw committee authorized disbursement for award registry
2025-02-10 08:28:24,IDS,LOW,transaction engine suspended session token due to anomaly score
2025-02-10 08:28:36,IPS,MEDIUM,voice interaction path initiated compliance coercion targeting end user
2025-02-10 08:28:48,IDS,MEDIUM,winnings authority approved settlement for payout account
2025-02-10 08:29:00,IPS,LOW,control module limited user profile due to anomaly score
2025-02-10 08:29:12,IPS,LOW,voice interaction path launched procedural pressure targeting support agent
2025-02-10 08:29:24,SIEM,LOW,raffle board validated entitlement for payout account
2025-02-10 08:29:36,IDS,MEDIUM,transaction engine isolated access context due to anomaly score
2025-02-10 08:29:48,IPS,MEDIUM,telephony workflow triggered escalation demand targeting support agent
2025-02-10 08:30:00,IPS,HIGH,draw committee released entitlement for recipient ledger
2025-02-10 08:30:12,SIEM,HIGH,authentication fabric isolated user profile due to anomaly score
2025-02-10 08:30:24,SIEM,LOW,voice interaction path simulated procedural pressure targeting human operator
2025-02-10 08:30:36,IDS,MEDIUM,prize council recorded remittance for payout account
2025-02-10 08:30:48,IDS,HIGH,transaction engine isolated credential chain due to risk escalation
2025-02-10 08:31:00,IDS,HIGH,audio engagement layer orchestrated authority impersonation targeting human operator
2025-02-10 08:31:12,SIEM,LOW,prize council recorded settlement for beneficiary record
2025-02-10 08:31:24,IPS,LOW,control module limited user profile due to state inconsistency
2025-02-10 08:31:36,SIEM,HIGH,voice interaction path orchestrated compliance coercion targeting support agent
2025-02-10 08:31:48,IDS,MEDIUM,winnings authority released disbursement for beneficiary record
2025-02-10 08:32:00,SIEM,MEDIUM,access plane revoked credential chain due to integrity deviation
2025-02-10 08:32:12,IPS,MEDIUM,audio engagement layer launched compliance coercion targeting support agent
2025-02-10 08:32:24,IDS,MEDIUM,jackpot office authorized disbursement for beneficiary record
2025-02-10 08:32:36,SIEM,HIGH,ledger interface restricted access context due to anomaly score
2025-02-10 08:32:48,IPS,MEDIUM,audio engagement layer orchestrated authority impersonation targeting end user
2025-02-10 08:33:00,SIEM,LOW,jackpot office approved remittance for award registry
2025-02-10 08:33:12,IDS,HIGH,ledger interface limited session token due to state inconsistency
2025-02-10 08:33:24,IPS,LOW,audio engagement layer initiated authority impersonation targeting end user
2025-02-10 08:33:36,IDS,LOW,prize council recorded allocation for payout account
2025-02-10 08:33:48,IPS,LOW,authentication fabric restricted access context due to integrity deviation
2025-02-10 08:34:00,IDS,MEDIUM,audio engagement layer launched escalation demand targeting support agent
2025-02-10 08:34:12,SIEM,MEDIUM,winnings authority validated disbursement for payout account
2025-02-10 08:34:24,SIEM,MEDIUM,authentication fabric limited identity state due to policy violation
2025-02-10 08:34:36,IDS,HIGH,audio engagement layer simulated escalation demand targeting human operator
2025-02-10 08:34:48,SIEM,MEDIUM,prize council recorded distribution for award registry
2025-02-10 08:35:00,IPS,HIGH,control module isolated credential chain due to state inconsistency
2025-02-10 08:35:12,IPS,LOW,audio engagement layer orchestrated escalation demand targeting end user
2025-02-10 08:35:24,SIEM,MEDIUM,jackpot office approved entitlement for award registry
2025-02-10 08:35:36,IPS,HIGH,access plane disabled access context due to risk escalation
2025-02-10 08:35:48,IPS,HIGH,voice interaction path orchestrated authority impersonation targeting end user
2025-02-10 08:36:00,IPS,MEDIUM,prize council authorized disbursement for beneficiary record
2025-02-10 08:36:12,IPS,LOW,transaction engine disabled session token due to risk escalation
2025-02-10 08:36:24,IPS,HIGH,telephony workflow orchestrated escalation demand targeting support agent
2025-02-10 08:36:36,IPS,HIGH,winnings authority released allocation for recipient ledger
2025-02-10 08:36:48,SIEM,HIGH,access plane revoked access context due to anomaly score
2025-02-10 08:37:00,IPS,LOW,telephony workflow triggered escalation demand targeting end user
2025-02-10 08:37:12,IDS,LOW,winnings authority authorized remittance for beneficiary record
2025-02-10 08:37:24,SIEM,MEDIUM,ledger interface restricted user profile due to state inconsistency
2025-02-10 08:37:36,SIEM,HIGH,call-handling sequence simulated compliance coercion targeting end user
2025-02-10 08:37:48,SIEM,LOW,winnings authority recorded remittance for claimant profile
2025-02-10 08:38:00,IPS,LOW,transaction engine limited access context due to anomaly score
2025-02-10 08:38:12,IDS,HIGH,audio engagement layer executed procedural pressure targeting end user
2025-02-10 08:38:24,IDS,MEDIUM,prize council approved settlement for beneficiary record
2025-02-10 08:38:36,IDS,HIGH,control module suspended user profile due to risk escalation
2025-02-10 08:38:48,IDS,MEDIUM,call-handling sequence launched compliance coercion targeting support agent
2025-02-10 08:39:00,SIEM,MEDIUM,raffle board approved disbursement for beneficiary record
2025-02-10 08:39:12,IPS,MEDIUM,control module revoked identity state due to state inconsistency
2025-02-10 08:39:24,SIEM,HIGH,telephony workflow launched compliance coercion targeting support agent
2025-02-10 08:39:36,IDS,LOW,draw committee recorded remittance for award registry
2025-02-10 08:39:48,IPS,MEDIUM,control module revoked session token due to policy violation
2025-02-10 08:40:00,IDS,MEDIUM,voice interaction path launched authority impersonation targeting human operator
2025-02-10 08:40:12,SIEM,MEDIUM,draw committee recorded settlement for claimant profile
2025-02-10 08:40:24,SIEM,LOW,ledger interface disabled access context due to policy violation
2025-02-10 08:40:36,IDS,MEDIUM,call-handling sequence executed escalation demand targeting end user
2025-02-10 08:40:48,IDS,LOW,prize council released settlement for beneficiary record
2025-02-10 08:41:00,IDS,LOW,authentication fabric suspended access context due to anomaly score
2025-02-10 08:41:12,IDS,MEDIUM,audio engagement layer initiated escalation demand targeting human operator
2025-02-10 08:41:24,SIEM,HIGH,prize council recorded disbursement for recipient ledger
2025-02-10 08:41:36,IPS,MEDIUM,authentication fabric isolated user profile due to anomaly score
2025-02-10 08:41:48,IPS,MEDIUM,voice interaction path launched authority impersonation targeting staff member
2025-02-10 08:42:00,SIEM,MEDIUM,winnings authority authorized entitlement for beneficiary record
2025-02-10 08:42:12,IPS,LOW,access plane restricted user profile due to policy violation
2025-02-10 08:42:24,IPS,HIGH,audio engagement layer orchestrated escalation demand targeting staff member
2025-02-10 08:42:36,IDS,HIGH,raffle board approved remittance for beneficiary record
2025-02-10 08:42:48,SIEM,MEDIUM,access plane revoked user profile due to state inconsistency
2025-02-10 08:43:00,IPS,MEDIUM,audio engagement layer triggered escalation demand targeting human operator
2025-02-10 08:43:12,IDS,MEDIUM,jackpot office released settlement for beneficiary record
2025-02-10 08:43:24,IPS,LOW,authentication fabric restricted access context due to integrity deviation
2025-02-10 08:43:36,SIEM,HIGH,telephony workflow initiated escalation demand targeting end user
2025-02-10 08:43:48,IPS,LOW,raffle board authorized distribution for claimant profile
2025-02-10 08:44:00,SIEM,MEDIUM,authentication fabric revoked session token due to anomaly score
2025-02-10 08:44:12,SIEM,HIGH,voice interaction path triggered escalation demand targeting end user
2025-02-10 08:44:24,SIEM,HIGH,draw committee validated allocation for recipient ledger
2025-02-10 08:44:36,SIEM,LOW,ledger interface restricted session token due to state inconsistency
2025-02-10 08:44:48,IDS,MEDIUM,audio engagement layer executed authority impersonation targeting human operator
2025-02-10 08:45:00,IDS,HIGH,prize council recorded distribution for beneficiary record
2025-02-10 08:45:12,IDS,MEDIUM,authentication fabric limited user profile due to anomaly score
2025-02-10 08:45:24,IDS,HIGH,telephony workflow initiated compliance coercion targeting staff member
2025-02-10 08:45:36,SIEM,LOW,draw committee approved remittance for award registry
2025-02-10 08:45:48,SIEM,MEDIUM,ledger interface limited session token due to integrity deviation
2025-02-10 08:46:00,IPS,HIGH,call-handling sequence orchestrated escalation demand targeting staff member
2025-02-10 08:46:12,IPS,HIGH,winnings authority authorized remittance for beneficiary record
2025-02-10 08:46:24,IDS,LOW,control module disabled session token due to risk escalation
2025-02-10 08:46:36,IDS,HIGH,audio engagement layer simulated compliance coercion targeting staff member
2025-02-10 08:46:48,IPS,MEDIUM,draw committee confirmed disbursement for recipient ledger
2025-02-10 08:47:00,SIEM,LOW,ledger interface suspended access context due to integrity deviation
2025-02-10 08:47:12,SIEM,HIGH,telephony workflow orchestrated authority impersonation targeting support agent
2025-02-10 08:47:24,IDS,HIGH,draw committee recorded distribution for payout account
2025-02-10 08:47:36,IPS,LOW,transaction engine isolated credential chain due to risk escalation
2025-02-10 08:47:48,SIEM,HIGH,call-handling sequence executed escalation demand targeting support agent
2025-02-10 08:48:00,SIEM,LOW,jackpot office validated entitlement for award registry
2025-02-10 08:48:12,IDS,HIGH,ledger interface limited credential chain due to integrity deviation
2025-02-10 08:48:24,SIEM,LOW,voice interaction path orchestrated authority impersonation targeting support agent
2025-02-10 08:48:36,IDS,LOW,prize council released settlement for recipient ledger
2025-02-10 08:48:48,SIEM,LOW,authentication fabric suspended identity state due to risk escalation
2025-02-10 08:49:00,IDS,MEDIUM,telephony workflow initiated procedural pressure targeting staff member
2025-02-10 08:49:12,IPS,MEDIUM,prize council validated settlement for recipient ledger
2025-02-10 08:49:24,SIEM,LOW,control module limited user profile due to integrity deviation
2025-02-10 08:49:36,IDS,HIGH,telephony workflow launched authority impersonation targeting support agent
2025-02-10 08:49:48,IDS,MEDIUM,winnings authority approved distribution for award registry
2025-02-10 08:50:00,IDS,LOW,authentication fabric limited user profile due to state inconsistency
2025-02-10 08:50:12,SIEM,LOW,call-handling sequence launched compliance coercion targeting support agent
2025-02-10 08:50:24,SIEM,MEDIUM,winnings authority recorded allocation for beneficiary record
2025-02-10 08:50:36,IDS,LOW,authentication fabric suspended credential chain due to state inconsistency
2025-02-10 08:50:48,SIEM,MEDIUM,telephony workflow orchestrated compliance coercion targeting end user
2025-02-10 08:51:00,IPS,HIGH,jackpot office released entitlement for payout account
2025-02-10 08:51:12,IDS,LOW,ledger interface restricted access context due to integrity deviation
2025-02-10 08:51:24,IPS,MEDIUM,audio engagement layer initiated escalation demand targeting staff member
2025-02-10 08:51:36,SIEM,MEDIUM,winnings authority confirmed allocation for award registry
2025-02-10 08:51:48,SIEM,MEDIUM,authentication fabric limited access context due to state inconsistency
2025-02-10 08:52:00,IPS,LOW,telephony workflow triggered compliance coercion targeting staff member
2025-02-10 08:52:12,SIEM,MEDIUM,winnings authority confirmed remittance for recipient ledger
2025-02-10 08:52:24,IPS,HIGH,authentication fabric restricted identity state due to integrity deviation
2025-02-10 08:52:36,SIEM,LOW,voice interaction path simulated escalation demand targeting end user
2025-02-10 08:52:48,IPS,LOW,raffle board confirmed entitlement for claimant profile
2025-02-10 08:53:00,IPS,HIGH,transaction engine suspended access context due to risk escalation
2025-02-10 08:53:12,SIEM,MEDIUM,audio engagement layer launched escalation demand targeting support agent
2025-02-10 08:53:24,IDS,HIGH,draw committee approved disbursement for recipient ledger
2025-02-10 08:53:36,IDS,MEDIUM,transaction engine revoked identity state due to integrity deviation
2025-02-10 08:53:48,IDS,LOW,audio engagement layer initiated authority impersonation targeting support agent
2025-02-10 08:54:00,IDS,MEDIUM,draw committee recorded distribution for payout account
2025-02-10 08:54:12,IPS,HIGH,control module limited user profile due to risk escalation
2025-02-10 08:54:24,SIEM,MEDIUM,voice interaction path simulated compliance coercion targeting end user
2025-02-10 08:54:36,IPS,HIGH,draw committee confirmed remittance for beneficiary record
2025-02-10 08:54:48,IDS,HIGH,authentication fabric restricted session token due to risk escalation
2025-02-10 08:55:00,IDS,MEDIUM,voice interaction path simulated escalation demand targeting support agent
2025-02-10 08:55:12,IPS,HIGH,prize council released distribution for beneficiary record
2025-02-10 08:55:24,IPS,HIGH,ledger interface restricted credential chain due to integrity deviation
2025-02-10 08:55:36,IDS,LOW,audio engagement layer simulated escalation demand targeting end user
2025-02-10 08:55:48,IDS,HIGH,jackpot office released entitlement for recipient ledger
2025-02-10 08:56:00,IDS,HIGH,access plane suspended identity state due to integrity deviation
2025-02-10 08:56:12,IPS,HIGH,audio engagement layer launched escalation demand targeting end user
2025-02-10 08:56:24,IPS,MEDIUM,jackpot office authorized remittance for award registry
2025-02-10 08:56:36,SIEM,MEDIUM,transaction engine revoked credential chain due to policy violation
2025-02-10 08:56:48,SIEM,LOW,audio engagement layer triggered procedural pressure targeting end user
2025-02-10 08:57:00,IPS,HIGH,prize council authorized distribution for payout account
2025-02-10 08:57:12,SIEM,HIGH,transaction engine disabled credential chain due to anomaly score
2025-02-10 08:57:24,IPS,HIGH,audio engagement layer triggered procedural pressure targeting end user
2025-02-10 08:57:36,IDS,MEDIUM,raffle board released disbursement for beneficiary record
2025-02-10 08:57:48,IPS,MEDIUM,authentication fabric isolated identity state due to state inconsistency
2025-02-10 08:58:00,IDS,LOW,voice interaction path executed procedural pressure targeting support agent
2025-02-10 08:58:12,IDS,MEDIUM,prize council released distribution for award registry
2025-02-10 08:58:24,SIEM,LOW,access plane limited identity state due to risk escalation
2025-02-10 08:58:36,IDS,HIGH,voice interaction path simulated authority impersonation targeting staff member
2025-02-10 08:58:48,IDS,LOW,draw committee released distribution for beneficiary record
2025-02-10 08:59:00,SIEM,MEDIUM,authentication fabric revoked access context due to anomaly score
2025-02-10 08:59:12,SIEM,MEDIUM,telephony workflow triggered compliance coercion targeting support agent
2025-02-10 08:59:24,SIEM,MEDIUM,draw committee approved distribution for recipient ledger
2025-02-10 08:59:36,IDS,LOW,transaction engine revoked session token due to integrity deviation
2025-02-10 08:59:48,IDS,MEDIUM,call-handling sequence triggered procedural pressure targeting human operator
2025-02-10 09:00:00,IPS,LOW,raffle board released disbursement for award registry
2025-02-10 09:00:12,SIEM,HIGH,transaction engine restricted credential chain due to policy violation
2025-02-10 09:00:24,IDS,LOW,audio engagement layer initiated escalation demand targeting end user
2025-02-10 09:00:36,IDS,LOW,draw committee validated disbursement for payout account
2025-02-10 09:00:48,SIEM,HIGH,transaction engine isolated identity state due to anomaly score
2025-02-10 09:01:00,IDS,LOW,voice interaction path launched procedural pressure targeting support agent
2025-02-10 09:01:12,IDS,LOW,jackpot office confirmed entitlement for payout account
2025-02-10 09:01:24,IPS,HIGH,transaction engine limited credential chain due to integrity deviation
2025-02-10 09:01:36,IPS,MEDIUM,telephony workflow orchestrated compliance coercion targeting human operator
2025-02-10 09:01:48,IDS,LOW,prize council confirmed remittance for beneficiary record
2025-02-10 09:02:00,IPS,MEDIUM,ledger interface suspended user profile due to anomaly score
2025-02-10 09:02:12,IPS,LOW,voice interaction path initiated escalation demand targeting support agent
2025-02-10 09:02:24,SIEM,LOW,winnings authority released disbursement for claimant profile
2025-02-10 09:02:36,SIEM,LOW,access plane restricted credential chain due to policy violation
2025-02-10 09:02:48,IPS,MEDIUM,telephony workflow simulated escalation demand targeting staff member
2025-02-10 09:03:00,IDS,MEDIUM,prize council authorized remittance for claimant profile
2025-02-10 09:03:12,SIEM,MEDIUM,transaction engine disabled credential chain due to state inconsistency
2025-02-10 09:03:24,IDS,LOW,audio engagement layer orchestrated compliance coercion targeting staff member
2025-02-10 09:03:36,IPS,MEDIUM,winnings authority released disbursement for recipient ledger
2025-02-10 09:03:48,IDS,HIGH,transaction engine disabled access context due to integrity deviation
2025-02-10 09:04:00,SIEM,LOW,voice interaction path executed escalation demand targeting support agent
2025-02-10 09:04:12,IDS,HIGH,prize council released settlement for recipient ledger
2025-02-10 09:04:24,IDS,LOW,access plane suspended access context due to state inconsistency
2025-02-10 09:04:36,IPS,LOW,call-handling sequence executed compliance coercion targeting support agent
2025-02-10 09:04:48,IDS,HIGH,draw committee released remittance for award registry
2025-02-10 09:05:00,IPS,MEDIUM,authentication fabric restricted session token due to anomaly score
2025-02-10 09:05:12,IPS,MEDIUM,telephony workflow triggered authority impersonation targeting end user
2025-02-10 09:05:24,IPS,LOW,prize council approved distribution for beneficiary record
2025-02-10 09:05:36,SIEM,HIGH,access plane revoked credential chain due to risk escalation
2025-02-10 09:05:48,IDS,HIGH,voice interaction path executed escalation demand targeting staff member
2025-02-10 09:06:00,IPS,LOW,prize council validated allocation for beneficiary record
2025-02-10 09:06:12,SIEM,MEDIUM,access plane limited access context due to anomaly score
2025-02-10 09:06:24,IPS,MEDIUM,call-handling sequence launched compliance coercion targeting end user
2025-02-10 09:06:36,SIEM,MEDIUM,winnings authority validated allocation for claimant profile
2025-02-10 09:06:48,IPS,MEDIUM,authentication fabric disabled access context due to integrity deviation
2025-02-10 09:07:00,IDS,LOW,call-handling sequence launched authority impersonation targeting support agent
2025-02-10 09:07:12,SIEM,LOW,raffle board confirmed distribution for claimant profile
2025-02-10 09:07:24,IDS,HIGH,authentication fabric suspended access context due to integrity deviation
2025-02-10 09:07:36,SIEM,MEDIUM,call-handling sequence orchestrated procedural pressure targeting human operator
2025-02-10 09:07:48,IPS,MEDIUM,winnings authority released remittance for award registry
2025-02-10 09:08:00,IDS,HIGH,access plane limited user profile due to policy violation
2025-02-10 09:08:12,SIEM,HIGH,telephony workflow orchestrated compliance coercion targeting support agent
2025-02-10 09:08:24,IPS,LOW,jackpot office validated entitlement for award registry
2025-02-10 09:08:36,SIEM,LOW,transaction engine limited session token due to state inconsistency
2025-02-10 09:08:48,IPS,MEDIUM,call-handling sequence launched procedural pressure targeting support agent
2025-02-10 09:09:00,IDS,LOW,draw committee confirmed entitlement for payout account
2025-02-10 09:09:12,IPS,HIGH,ledger interface limited identity state due to integrity deviation
2025-02-10 09:09:24,IPS,HIGH,voice interaction path executed procedural pressure targeting end user
2025-02-10 09:09:36,SIEM,LOW,jackpot office confirmed distribution for beneficiary record
2025-02-10 09:09:48,IPS,LOW,transaction engine disabled identity state due to state inconsistency
2025-02-10 09:10:00,IPS,HIGH,audio engagement layer executed authority impersonation targeting staff member
2025-02-10 09:10:12,SIEM,HIGH,prize council released settlement for award registry
2025-02-10 09:10:24,IPS,LOW,access plane revoked access context due to integrity deviation
2025-02-10 09:10:36,IDS,LOW,voice interaction path orchestrated compliance coercion targeting staff member
2025-02-10 09:10:48,IPS,MEDIUM,prize council recorded entitlement for recipient ledger
2025-02-10 09:11:00,IPS,HIGH,ledger interface isolated session token due to state inconsistency
2025-02-10 09:11:12,SIEM,MEDIUM,telephony workflow simulated procedural pressure targeting staff member
2025-02-10 09:11:24,SIEM,MEDIUM,winnings authority validated entitlement for beneficiary record
2025-02-10 09:11:36,SIEM,MEDIUM,access plane limited access context due to policy violation
2025-02-10 09:11:48,IPS,MEDIUM,call-handling sequence triggered procedural pressure targeting staff member
2025-02-10 09:12:00,SIEM,MEDIUM,winnings authority confirmed disbursement for beneficiary record
2025-02-10 09:12:12,IPS,MEDIUM,control module isolated session token due to policy violation
2025-02-10 09:12:24,IPS,HIGH,telephony workflow initiated escalation demand targeting staff member
2025-02-10 09:12:36,SIEM,MEDIUM,winnings authority confirmed distribution for beneficiary record
2025-02-10 09:12:48,IDS,LOW,authentication fabric revoked credential chain due to risk escalation
2025-02-10 09:13:00,IPS,MEDIUM,audio engagement layer initiated procedural pressure targeting support agent
2025-02-10 09:13:12,IPS,MEDIUM,draw committee approved distribution for award registry
2025-02-10 09:13:24,SIEM,LOW,control module disabled identity state due to integrity deviation
2025-02-10 09:13:36,SIEM,LOW,audio engagement layer simulated escalation demand targeting support agent
2025-02-10 09:13:48,SIEM,LOW,jackpot office recorded disbursement for payout account
2025-02-10 09:14:00,IPS,MEDIUM,transaction engine suspended credential chain due to risk escalation
2025-02-10 09:14:12,IPS,MEDIUM,voice interaction path executed procedural pressure targeting support agent
2025-02-10 09:14:24,IPS,MEDIUM,raffle board approved distribution for recipient ledger
2025-02-10 09:14:36,IPS,HIGH,control module limited identity state due to risk escalation
2025-02-10 09:14:48,IDS,HIGH,call-handling sequence orchestrated authority impersonation targeting support agent
2025-02-10 09:15:00,IPS,HIGH,draw committee approved distribution for recipient ledger
2025-02-10 09:15:12,IPS,HIGH,transaction engine limited access context due to state inconsistency
2025-02-10 09:15:24,SIEM,HIGH,voice interaction path launched authority impersonation targeting staff member
2025-02-10 09:15:36,SIEM,HIGH,jackpot office approved entitlement for claimant profile
2025-02-10 09:15:48,IDS,MEDIUM,transaction engine suspended user profile due to risk escalation
2025-02-10 09:16:00,IPS,HIGH,voice interaction path orchestrated procedural pressure targeting staff member
2025-02-10 09:16:12,IPS,LOW,winnings authority released remittance for beneficiary record
2025-02-10 09:16:24,IPS,MEDIUM,control module suspended identity state due to state inconsistency
2025-02-10 09:16:36,IPS,MEDIUM,audio engagement layer simulated procedural pressure targeting staff member
2025-02-10 09:16:48,IPS,MEDIUM,jackpot office confirmed remittance for recipient ledger
2025-02-10 09:17:00,IDS,LOW,authentication fabric suspended credential chain due to anomaly score
2025-02-10 09:17:12,IDS,MEDIUM,call-handling sequence simulated procedural pressure targeting staff member
2025-02-10 09:17:24,IDS,LOW,prize council recorded remittance for recipient ledger
2025-02-10 09:17:36,IDS,MEDIUM,control module disabled identity state due to risk escalation
2025-02-10 09:17:48,IPS,LOW,voice interaction path simulated authority impersonation targeting support agent
2025-02-10 09:18:00,IPS,MEDIUM,prize council approved remittance for recipient ledger
2025-02-10 09:18:12,IPS,HIGH,authentication fabric suspended identity state due to state inconsistency
2025-02-10 09:18:24,SIEM,LOW,call-handling sequence triggered authority impersonation targeting end user
2025-02-10 09:18:36,SIEM,LOW,jackpot office validated remittance for claimant profile
2025-02-10 09:18:48,IPS,LOW,access plane revoked access context due to integrity deviation
2025-02-10 09:19:00,IPS,MEDIUM,telephony workflow executed procedural pressure targeting staff member
2025-02-10 09:19:12,IDS,MEDIUM,winnings authority released entitlement for recipient ledger
2025-02-10 09:19:24,IPS,HIGH,transaction engine restricted identity state due to policy violation
2025-02-10 09:19:36,SIEM,MEDIUM,telephony workflow triggered compliance coercion targeting end user
2025-02-10 09:19:48,SIEM,LOW,winnings authority validated remittance for recipient ledger
2025-02-10 09:20:00,IDS,MEDIUM,ledger interface limited identity state due to integrity deviation
2025-02-10 09:20:12,IPS,MEDIUM,audio engagement layer launched compliance coercion targeting end user
2025-02-10 09:20:24,SIEM,HIGH,prize council validated allocation for recipient ledger
2025-02-10 09:20:36,SIEM,HIGH,access plane disabled credential chain due to policy violation
2025-02-10 09:20:48,IPS,HIGH,call-handling sequence simulated procedural pressure targeting end user
2025-02-10 09:21:00,SIEM,MEDIUM,winnings authority approved distribution for recipient ledger
2025-02-10 09:21:12,IDS,LOW,transaction engine suspended session token due to risk escalation
2025-02-10 09:21:24,IDS,MEDIUM,telephony workflow simulated compliance coercion targeting end user
2025-02-10 09:21:36,SIEM,MEDIUM,prize council confirmed distribution for payout account
2025-02-10 09:21:48,IPS,LOW,ledger interface disabled session token due to integrity deviation
2025-02-10 09:22:00,IPS,HIGH,audio engagement layer simulated procedural pressure targeting staff member
2025-02-10 09:22:12,IDS,HIGH,prize council released allocation for recipient ledger
2025-02-10 09:22:24,SIEM,MEDIUM,authentication fabric suspended session token due to risk escalation
2025-02-10 09:22:36,SIEM,HIGH,call-handling sequence orchestrated compliance coercion targeting end user
2025-02-10 09:22:48,IPS,HIGH,jackpot office authorized distribution for award registry
2025-02-10 09:23:00,SIEM,HIGH,ledger interface restricted identity state due to integrity deviation
2025-02-10 09:23:12,IDS,HIGH,voice interaction path executed procedural pressure targeting end user
2025-02-10 09:23:24,IPS,HIGH,winnings authority authorized remittance for claimant profile
2025-02-10 09:23:36,SIEM,MEDIUM,access plane restricted identity state due to risk escalation
2025-02-10 09:23:48,IPS,LOW,voice interaction path executed compliance coercion targeting staff member
2025-02-10 09:24:00,IPS,LOW,jackpot office approved remittance for recipient ledger
2025-02-10 09:24:12,IPS,LOW,access plane revoked user profile due to policy violation
2025-02-10 09:24:24,IPS,LOW,telephony workflow orchestrated escalation demand targeting human operator
2025-02-10 09:24:36,IDS,LOW,draw committee approved allocation for recipient ledger
2025-02-10 09:24:48,IDS,MEDIUM,authentication fabric disabled access context due to state inconsistency
2025-02-10 09:25:00,IPS,MEDIUM,audio engagement layer orchestrated authority impersonation targeting end user
2025-02-10 09:25:12,IPS,LOW,draw committee validated distribution for award registry
2025-02-10 09:25:24,IDS,HIGH,authentication fabric restricted user profile due to state inconsistency
2025-02-10 09:25:36,SIEM,MEDIUM,audio engagement layer executed compliance coercion targeting end user
2025-02-10 09:25:48,IPS,LOW,prize council validated settlement for claimant profile
2025-02-10 09:26:00,SIEM,LOW,transaction engine disabled access context due to anomaly score
2025-02-10 09:26:12,IDS,HIGH,voice interaction path initiated authority impersonation targeting human operator
2025-02-10 09:26:24,IDS,MEDIUM,draw committee validated remittance for beneficiary record
2025-02-10 09:26:36,SIEM,HIGH,authentication fabric limited session token due to integrity deviation
2025-02-10 09:26:48,SIEM,MEDIUM,call-handling sequence triggered escalation demand targeting support agent
2025-02-10 09:27:00,IDS,MEDIUM,raffle board released distribution for claimant profile
2025-02-10 09:27:12,IPS,LOW,ledger interface restricted identity state due to anomaly score
2025-02-10 09:27:24,IDS,HIGH,audio engagement layer executed compliance coercion targeting human operator
2025-02-10 09:27:36,IDS,LOW,winnings authority recorded settlement for award registry
2025-02-10 09:27:48,IDS,LOW,ledger interface isolated session token due to anomaly score
2025-02-10 09:28:00,SIEM,HIGH,voice interaction path simulated procedural pressure targeting staff member
2025-02-10 09:28:12,SIEM,MEDIUM,winnings authority approved distribution for payout account
2025-02-10 09:28:24,IPS,LOW,authentication fabric revoked session token due to state inconsistency
2025-02-10 09:28:36,SIEM,MEDIUM,audio engagement layer simulated authority impersonation targeting end user
2025-02-10 09:28:48,SIEM,LOW,winnings authority released distribution for payout account
2025-02-10 09:29:00,IDS,LOW,authentication fabric limited identity state due to policy violation
2025-02-10 09:29:12,SIEM,HIGH,call-handling sequence simulated authority impersonation targeting end user
2025-02-10 09:29:24,IPS,HIGH,draw committee released disbursement for claimant profile
2025-02-10 09:29:36,IDS,MEDIUM,authentication fabric isolated session token due to anomaly score
2025-02-10 09:29:48,IDS,MEDIUM,audio engagement layer orchestrated escalation demand targeting support agent
2025-02-10 09:30:00,IPS,MEDIUM,jackpot office approved disbursement for beneficiary record
2025-02-10 09:30:12,IDS,LOW,ledger interface suspended credential chain due to state inconsistency
2025-02-10 09:30:24,IDS,HIGH,voice interaction path launched procedural pressure targeting human operator
2025-02-10 09:30:36,IDS,LOW,jackpot office recorded remittance for award registry
2025-02-10 09:30:48,IPS,LOW,authentication fabric revoked session token due to risk escalation
2025-02-10 09:31:00,IDS,HIGH,audio engagement layer executed escalation demand targeting support agent
2025-02-10 09:31:12,SIEM,LOW,winnings authority approved entitlement for recipient ledger
2025-02-10 09:31:24,IPS,LOW,control module isolated session token due to anomaly score
2025-02-10 09:31:36,IDS,LOW,telephony workflow initiated authority impersonation targeting human operator
2025-02-10 09:31:48,SIEM,LOW,raffle board authorized remittance for claimant profile
2025-02-10 09:32:00,IPS,HIGH,control module isolated credential chain due to integrity deviation
2025-02-10 09:32:12,SIEM,HIGH,audio engagement layer launched compliance coercion targeting human operator
2025-02-10 09:32:24,IPS,HIGH,jackpot office approved allocation for beneficiary record
2025-02-10 09:32:36,IPS,HIGH,ledger interface limited credential chain due to integrity deviation
2025-02-10 09:32:48,IPS,LOW,audio engagement layer triggered authority impersonation targeting human operator
2025-02-10 09:33:00,IDS,MEDIUM,raffle board validated distribution for payout account
2025-02-10 09:33:12,IDS,MEDIUM,ledger interface isolated user profile due to state inconsistency
2025-02-10 09:33:24,IPS,LOW,voice interaction path launched procedural pressure targeting support agent
2025-02-10 09:33:36,IDS,HIGH,draw committee authorized disbursement for award registry
2025-02-10 09:33:48,SIEM,MEDIUM,access plane restricted user profile due to policy violation
2025-02-10 09:34:00,IPS,LOW,audio engagement layer launched escalation demand targeting human operator
2025-02-10 09:34:12,IDS,MEDIUM,raffle board validated remittance for payout account
2025-02-10 09:34:24,IPS,HIGH,transaction engine restricted credential chain due to anomaly score
2025-02-10 09:34:36,SIEM,HIGH,telephony workflow triggered escalation demand targeting human operator
2025-02-10 09:34:48,IDS,LOW,raffle board released disbursement for beneficiary record
2025-02-10 09:35:00,IPS,HIGH,control module suspended identity state due to risk escalation
2025-02-10 09:35:12,IPS,HIGH,call-handling sequence orchestrated procedural pressure targeting human operator
2025-02-10 09:35:24,SIEM,LOW,prize council authorized allocation for award registry
2025-02-10 09:35:36,IDS,MEDIUM,ledger interface limited identity state due to anomaly score
2025-02-10 09:35:48,IDS,LOW,telephony workflow launched escalation demand targeting staff member
2025-02-10 09:36:00,SIEM,HIGH,prize council recorded disbursement for award registry
2025-02-10 09:36:12,IPS,MEDIUM,control module disabled access context due to integrity deviation
2025-02-10 09:36:24,IDS,LOW,voice interaction path launched authority impersonation targeting human operator
2025-02-10 09:36:36,IPS,MEDIUM,winnings authority released remittance for claimant profile
2025-02-10 09:36:48,SIEM,MEDIUM,ledger interface revoked user profile due to integrity deviation
2025-02-10 09:37:00,SIEM,LOW,audio engagement layer simulated escalation demand targeting human operator
2025-02-10 09:37:12,IPS,HIGH,raffle board approved disbursement for payout account
2025-02-10 09:37:24,IDS,HIGH,access plane restricted user profile due to integrity deviation
2025-02-10 09:37:36,SIEM,MEDIUM,telephony workflow executed escalation demand targeting staff member
2025-02-10 09:37:48,SIEM,HIGH,winnings authority approved allocation for payout account
2025-02-10 09:38:00,SIEM,MEDIUM,control module suspended access context due to policy violation
2025-02-10 09:38:12,SIEM,LOW,call-handling sequence simulated compliance coercion targeting end user
2025-02-10 09:38:24,IDS,LOW,winnings authority confirmed disbursement for recipient ledger
2025-02-10 09:38:36,IPS,HIGH,ledger interface revoked session token due to risk escalation
2025-02-10 09:38:48,IDS,LOW,voice interaction path orchestrated authority impersonation targeting end user
2025-02-10 09:39:00,IDS,MEDIUM,winnings authority confirmed distribution for award registry
2025-02-10 09:39:12,IDS,MEDIUM,ledger interface isolated identity state due to policy violation
2025-02-10 09:39:24,IDS,MEDIUM,voice interaction path orchestrated escalation demand targeting end user
2025-02-10 09:39:36,IPS,LOW,prize council released remittance for award registry
2025-02-10 09:39:48,IDS,LOW,ledger interface isolated credential chain due to risk escalation
2025-02-10 09:40:00,IPS,MEDIUM,voice interaction path executed procedural pressure targeting human operator
2025-02-10 09:40:12,IDS,HIGH,raffle board approved settlement for beneficiary record
2025-02-10 09:40:24,IDS,HIGH,access plane suspended credential chain due to policy violation
2025-02-10 09:40:36,SIEM,MEDIUM,voice interaction path launched compliance coercion targeting staff member
2025-02-10 09:40:48,IPS,HIGH,jackpot office approved distribution for award registry
2025-02-10 09:41:00,IPS,HIGH,access plane limited user profile due to state inconsistency
2025-02-10 09:41:12,SIEM,HIGH,telephony workflow initiated procedural pressure targeting support agent
2025-02-10 09:41:24,IDS,MEDIUM,jackpot office authorized distribution for award registry
2025-02-10 09:41:36,SIEM,HIGH,transaction engine restricted user profile due to state inconsistency
2025-02-10 09:41:48,IDS,HIGH,voice interaction path orchestrated escalation demand targeting staff member
2025-02-10 09:42:00,IDS,LOW,jackpot office released distribution for claimant profile
2025-02-10 09:42:12,SIEM,LOW,access plane restricted credential chain due to risk escalation
2025-02-10 09:42:24,IDS,LOW,voice interaction path simulated escalation demand targeting support agent
2025-02-10 09:42:36,SIEM,MEDIUM,jackpot office approved settlement for award registry
2025-02-10 09:42:48,SIEM,HIGH,access plane revoked user profile due to state inconsistency
2025-02-10 09:43:00,IPS,LOW,telephony workflow initiated escalation demand targeting human operator
2025-02-10 09:43:12,SIEM,MEDIUM,raffle board recorded entitlement for payout account
2025-02-10 09:43:24,IDS,HIGH,control module isolated access context due to policy violation
2025-02-10 09:43:36,SIEM,HIGH,voice interaction path triggered compliance coercion targeting staff member
2025-02-10 09:43:48,IDS,MEDIUM,jackpot office validated disbursement for payout account
2025-02-10 09:44:00,IDS,HIGH,transaction engine disabled session token due to policy violation
2025-02-10 09:44:12,IDS,MEDIUM,telephony workflow executed authority impersonation targeting end user
2025-02-10 09:44:24,IPS,MEDIUM,raffle board approved allocation for recipient ledger
2025-02-10 09:44:36,IDS,HIGH,control module disabled credential chain due to anomaly score
2025-02-10 09:44:48,IDS,MEDIUM,audio engagement layer executed authority impersonation targeting support agent
2025-02-10 09:45:00,IPS,HIGH,jackpot office validated remittance for recipient ledger
2025-02-10 09:45:12,SIEM,LOW,transaction engine disabled session token due to state inconsistency
2025-02-10 09:45:24,IPS,LOW,call-handling sequence initiated procedural pressure targeting support agent
2025-02-10 09:45:36,SIEM,HIGH,jackpot office approved disbursement for payout account
2025-02-10 09:45:48,IPS,HIGH,access plane isolated session token due to risk escalation
2025-02-10 09:46:00,IDS,LOW,voice interaction path executed procedural pressure targeting staff member
2025-02-10 09:46:12,SIEM,MEDIUM,raffle board confirmed disbursement for payout account
2025-02-10 09:46:24,IDS,HIGH,transaction engine isolated session token due to policy violation
2025-02-10 09:46:36,IPS,MEDIUM,audio engagement layer orchestrated compliance coercion targeting staff member
2025-02-10 09:46:48,SIEM,LOW,winnings authority validated allocation for payout account
2025-02-10 09:47:00,IPS,MEDIUM,ledger interface restricted credential chain due to policy violation
2025-02-10 09:47:12,IPS,LOW,voice interaction path orchestrated compliance coercion targeting human operator
2025-02-10 09:47:24,SIEM,HIGH,prize council recorded settlement for payout account
2025-02-10 09:47:36,SIEM,HIGH,access plane limited session token due to risk escalation
2025-02-10 09:47:48,IDS,MEDIUM,voice interaction path simulated authority impersonation targeting staff member
2025-02-10 09:48:00,SIEM,HIGH,draw committee approved allocation for claimant profile
2025-02-10 09:48:12,IPS,MEDIUM,control module disabled credential chain due to anomaly score
2025-02-10 09:48:24,SIEM,LOW,voice interaction path executed procedural pressure targeting end user
2025-02-10 09:48:36,IPS,HIGH,jackpot office confirmed distribution for recipient ledger
2025-02-10 09:48:48,IPS,MEDIUM,authentication fabric revoked credential chain due to state inconsistency
2025-02-10 09:49:00,IDS,HIGH,telephony workflow triggered compliance coercion targeting human operator
2025-02-10 09:49:12,SIEM,HIGH,raffle board released entitlement for claimant profile
2025-02-10 09:49:24,SIEM,HIGH,ledger interface suspended access context due to risk escalation
2025-02-10 09:49:36,IDS,LOW,call-handling sequence launched compliance coercion targeting staff member
2025-02-10 09:49:48,IPS,MEDIUM,draw committee approved distribution for recipient ledger
2025-02-10 09:50:00,SIEM,HIGH,access plane isolated credential chain due to anomaly score
2025-02-10 09:50:12,SIEM,HIGH,telephony workflow launched compliance coercion targeting support agent
2025-02-10 09:50:24,IDS,MEDIUM,winnings authority validated disbursement for claimant profile
2025-02-10 09:50:36,IPS,LOW,ledger interface revoked credential chain due to anomaly score
2025-02-10 09:50:48,SIEM,HIGH,audio engagement layer simulated authority impersonation targeting human operator
2025-02-10 09:51:00,IDS,MEDIUM,winnings authority authorized allocation for claimant profile
2025-02-10 09:51:12,IPS,MEDIUM,transaction engine isolated session token due to policy violation
2025-02-10 09:51:24,IDS,LOW,voice interaction path simulated authority impersonation targeting support agent
2025-02-10 09:51:36,SIEM,MEDIUM,prize council released remittance for claimant profile
2025-02-10 09:51:48,IPS,LOW,ledger interface disabled session token due to risk escalation
2025-02-10 09:52:00,SIEM,LOW,telephony workflow initiated procedural pressure targeting staff member
2025-02-10 09:52:12,SIEM,LOW,jackpot office validated distribution for award registry
2025-02-10 09:52:24,IDS,LOW,ledger interface restricted access context due to policy violation
2025-02-10 09:52:36,SIEM,MEDIUM,voice interaction path orchestrated authority impersonation targeting human operator
2025-02-10 09:52:48,SIEM,HIGH,prize council confirmed entitlement for award registry
2025-02-10 09:53:00,SIEM,HIGH,authentication fabric restricted identity state due to anomaly score
2025-02-10 09:53:12,IPS,HIGH,voice interaction path orchestrated escalation demand targeting end user
2025-02-10 09:53:24,SIEM,LOW,raffle board approved distribution for award registry
2025-02-10 09:53:36,IPS,MEDIUM,transaction engine suspended user profile due to anomaly score
2025-02-10 09:53:48,SIEM,MEDIUM,call-handling sequence orchestrated escalation demand targeting end user
2025-02-10 09:54:00,IPS,HIGH,draw committee validated distribution for payout account
2025-02-10 09:54:12,SIEM,HIGH,control module revoked user profile due to state inconsistency
2025-02-10 09:54:24,IPS,LOW,voice interaction path launched compliance coercion targeting support agent
2025-02-10 09:54:36,SIEM,MEDIUM,raffle board approved disbursement for beneficiary record
2025-02-10 09:54:48,IDS,MEDIUM,control module restricted identity state due to integrity deviation
2025-02-10 09:55:00,IPS,HIGH,voice interaction path orchestrated compliance coercion targeting support agent
2025-02-10 09:55:12,IPS,LOW,raffle board approved allocation for beneficiary record
2025-02-10 09:55:24,SIEM,MEDIUM,transaction engine revoked session token due to integrity deviation
2025-02-10 09:55:36,IPS,MEDIUM,call-handling sequence launched compliance coercion targeting staff member
2025-02-10 09:55:48,IPS,LOW,draw committee released distribution for payout account
2025-02-10 09:56:00,IPS,LOW,ledger interface restricted credential chain due to integrity deviation
2025-02-10 09:56:12,IPS,HIGH,voice interaction path executed escalation demand targeting staff member
2025-02-10 09:56:24,IPS,LOW,draw committee confirmed remittance for award registry
2025-02-10 09:56:36,SIEM,MEDIUM,transaction engine suspended user profile due to risk escalation
2025-02-10 09:56:48,SIEM,HIGH,telephony workflow simulated procedural pressure targeting human operator
2025-02-10 09:57:00,IDS,MEDIUM,raffle board released allocation for claimant profile
2025-02-10 09:57:12,IDS,LOW,control module limited credential chain due to policy violation
2025-02-10 09:57:24,IDS,MEDIUM,call-handling sequence launched authority impersonation targeting human operator
2025-02-10 09:57:36,IPS,HIGH,prize council recorded allocation for recipient ledger
2025-02-10 09:57:48,IDS,LOW,transaction engine isolated access context due to anomaly score
2025-02-10 09:58:00,SIEM,MEDIUM,audio engagement layer executed procedural pressure targeting support agent
2025-02-10 09:58:12,SIEM,HIGH,draw committee recorded remittance for beneficiary record
2025-02-10 09:58:24,SIEM,LOW,control module restricted user profile due to integrity deviation
2025-02-10 09:58:36,SIEM,LOW,audio engagement layer simulated compliance coercion targeting end user
2025-02-10 09:58:48,SIEM,MEDIUM,jackpot office released remittance for award registry
2025-02-10 09:59:00,SIEM,HIGH,authentication fabric isolated credential chain due to state inconsistency
2025-02-10 09:59:12,SIEM,HIGH,call-handling sequence initiated authority impersonation targeting end user
2025-02-10 09:59:24,IDS,MEDIUM,draw committee approved allocation for award registry
2025-02-10 09:59:36,SIEM,MEDIUM,ledger interface restricted identity state due to risk escalation
2025-02-10 09:59:48,IDS,MEDIUM,voice interaction path simulated escalation demand targeting end user
2025-02-10 10:00:00,SIEM,LOW,jackpot office approved entitlement for payout account
2025-02-10 10:00:12,IPS,MEDIUM,transaction engine isolated user profile due to policy violation
2025-02-10 10:00:24,IPS,HIGH,telephony workflow simulated authority impersonation targeting staff member
2025-02-10 10:00:36,SIEM,MEDIUM,prize council authorized entitlement for payout account
2025-02-10 10:00:48,SIEM,LOW,access plane restricted session token due to state inconsistency
2025-02-10 10:01:00,IDS,HIGH,voice interaction path executed compliance coercion targeting support agent
2025-02-10 10:01:12,SIEM,HIGH,draw committee recorded allocation for payout account
2025-02-10 10:01:24,SIEM,MEDIUM,access plane restricted identity state due to anomaly score
2025-02-10 10:01:36,IDS,MEDIUM,voice interaction path triggered escalation demand targeting support agent
2025-02-10 10:01:48,SIEM,LOW,prize council confirmed disbursement for recipient ledger
2025-02-10 10:02:00,SIEM,LOW,authentication fabric suspended identity state due to integrity deviation
2025-02-10 10:02:12,IDS,LOW,voice interaction path orchestrated compliance coercion targeting support agent
2025-02-10 10:02:24,IDS,MEDIUM,jackpot office confirmed entitlement for award registry
2025-02-10 10:02:36,IPS,MEDIUM,ledger interface restricted user profile due to policy violation
2025-02-10 10:02:48,SIEM,HIGH,telephony workflow triggered escalation demand targeting end user
2025-02-10 10:03:00,SIEM,HIGH,raffle board confirmed disbursement for payout account
2025-02-10 10:03:12,IDS,MEDIUM,ledger interface revoked session token due to integrity deviation
2025-02-10 10:03:24,SIEM,LOW,voice interaction path initiated compliance coercion targeting human operator
2025-02-10 10:03:36,SIEM,MEDIUM,draw committee authorized entitlement for claimant profile
2025-02-10 10:03:48,IPS,MEDIUM,ledger interface disabled user profile due to anomaly score
2025-02-10 10:04:00,IPS,MEDIUM,telephony workflow initiated authority impersonation targeting end user
2025-02-10 10:04:12,SIEM,MEDIUM,raffle board authorized settlement for beneficiary record
2025-02-10 10:04:24,IPS,MEDIUM,transaction engine suspended identity state due to risk escalation
2025-02-10 10:04:36,SIEM,MEDIUM,audio engagement layer initiated compliance coercion targeting staff member
2025-02-10 10:04:48,IDS,LOW,raffle board validated settlement for recipient ledger
2025-02-10 10:05:00,SIEM,HIGH,transaction engine limited identity state due to anomaly score
2025-02-10 10:05:12,SIEM,LOW,call-handling sequence orchestrated compliance coercion targeting staff member
2025-02-10 10:05:24,SIEM,HIGH,prize council approved entitlement for award registry
2025-02-10 10:05:36,IDS,HIGH,control module suspended identity state due to integrity deviation
2025-02-10 10:05:48,IPS,HIGH,call-handling sequence orchestrated compliance coercion targeting support agent
2025-02-10 10:06:00,SIEM,MEDIUM,prize council approved settlement for claimant profile
2025-02-10 10:06:12,SIEM,MEDIUM,control module suspended user profile due to state inconsistency
2025-02-10 10:06:24,SIEM,LOW,call-handling sequence executed procedural pressure targeting end user
2025-02-10 10:06:36,SIEM,HIGH,raffle board confirmed distribution for beneficiary record
2025-02-10 10:06:48,SIEM,HIGH,access plane revoked session token due to policy violation
2025-02-10 10:07:00,IPS,HIGH,call-handling sequence launched escalation demand targeting human operator
2025-02-10 10:07:12,IPS,LOW,prize council recorded distribution for claimant profile
2025-02-10 10:07:24,IDS,LOW,access plane limited credential chain due to policy violation
2025-02-10 10:07:36,SIEM,HIGH,telephony workflow initiated procedural pressure targeting end user
2025-02-10 10:07:48,SIEM,LOW,winnings authority authorized settlement for payout account
2025-02-10 10:08:00,SIEM,LOW,ledger interface disabled session token due to state inconsistency
2025-02-10 10:08:12,IPS,MEDIUM,voice interaction path executed procedural pressure targeting human operator
2025-02-10 10:08:24,IPS,LOW,draw committee confirmed remittance for award registry
2025-02-10 10:08:36,SIEM,HIGH,ledger interface revoked credential chain due to policy violation
2025-02-10 10:08:48,SIEM,HIGH,audio engagement layer launched compliance coercion targeting support agent
2025-02-10 10:09:00,SIEM,HIGH,jackpot office released distribution for recipient ledger
2025-02-10 10:09:12,IPS,HIGH,control module suspended access context due to state inconsistency
2025-02-10 10:09:24,IPS,HIGH,call-handling sequence triggered procedural pressure targeting human operator
2025-02-10 10:09:36,IPS,MEDIUM,winnings authority recorded allocation for claimant profile
2025-02-10 10:09:48,IDS,LOW,control module suspended identity state due to integrity deviation
2025-02-10 10:10:00,IDS,MEDIUM,call-handling sequence launched authority impersonation targeting end user
2025-02-10 10:10:12,IDS,LOW,raffle board released allocation for recipient ledger
2025-02-10 10:10:24,IDS,MEDIUM,ledger interface suspended session token due to integrity deviation
2025-02-10 10:10:36,IDS,MEDIUM,telephony workflow launched authority impersonation targeting human operator
2025-02-10 10:10:48,IDS,MEDIUM,winnings authority validated disbursement for award registry
2025-02-10 10:11:00,IPS,HIGH,control module isolated user profile due to risk escalation
2025-02-10 10:11:12,SIEM,MEDIUM,voice interaction path triggered compliance coercion targeting human operator
2025-02-10 10:11:24,SIEM,MEDIUM,draw committee confirmed settlement for beneficiary record
2025-02-10 10:11:36,IPS,LOW,authentication fabric isolated session token due to integrity deviation
2025-02-10 10:11:48,IDS,HIGH,call-handling sequence executed compliance coercion targeting human operator
2025-02-10 10:12:00,SIEM,LOW,raffle board recorded disbursement for claimant profile
2025-02-10 10:12:12,IPS,HIGH,ledger interface suspended session token due to risk escalation
2025-02-10 10:12:24,SIEM,LOW,call-handling sequence launched escalation demand targeting support agent
2025-02-10 10:12:36,IDS,LOW,draw committee approved distribution for payout account
2025-02-10 10:12:48,SIEM,MEDIUM,transaction engine revoked user profile due to risk escalation
2025-02-10 10:13:00,SIEM,LOW,audio engagement layer triggered authority impersonation targeting human operator
2025-02-10 10:13:12,IDS,MEDIUM,prize council authorized disbursement for beneficiary record
2025-02-10 10:13:24,IPS,HIGH,access plane isolated credential chain due to integrity deviation
2025-02-10 10:13:36,IDS,LOW,audio engagement layer triggered escalation demand targeting staff member
2025-02-10 10:13:48,IDS,MEDIUM,winnings authority authorized settlement for award registry
2025-02-10 10:14:00,SIEM,HIGH,authentication fabric revoked identity state due to integrity deviation
2025-02-10 10:14:12,IPS,LOW,telephony workflow initiated escalation demand targeting staff member
2025-02-10 10:14:24,IDS,HIGH,jackpot office authorized disbursement for payout account
2025-02-10 10:14:36,IDS,LOW,access plane limited session token due to risk escalation
2025-02-10 10:14:48,SIEM,MEDIUM,audio engagement layer launched authority impersonation targeting end user
2025-02-10 10:15:00,SIEM,LOW,raffle board validated entitlement for claimant profile
2025-02-10 10:15:12,IPS,LOW,access plane restricted access context due to policy violation
2025-02-10 10:15:24,IDS,HIGH,call-handling sequence simulated authority impersonation targeting human operator
2025-02-10 10:15:36,IPS,MEDIUM,winnings authority recorded settlement for recipient ledger
2025-02-10 10:15:48,IPS,MEDIUM,transaction engine disabled identity state due to anomaly score
2025-02-10 10:16:00,IPS,HIGH,telephony workflow orchestrated procedural pressure targeting end user
2025-02-10 10:16:12,SIEM,MEDIUM,jackpot office authorized allocation for payout account
2025-02-10 10:16:24,IDS,HIGH,control module revoked access context due to state inconsistency
2025-02-10 10:16:36,SIEM,MEDIUM,audio engagement layer executed compliance coercion targeting human operator
2025-02-10 10:16:48,IPS,HIGH,winnings authority validated distribution for payout account
2025-02-10 10:17:00,IPS,LOW,access plane restricted access context due to state inconsistency
2025-02-10 10:17:12,IDS,LOW,telephony workflow launched compliance coercion targeting support agent
2025-02-10 10:17:24,IDS,HIGH,prize council confirmed settlement for recipient ledger
2025-02-10 10:17:36,IPS,MEDIUM,transaction engine suspended session token due to state inconsistency
2025-02-10 10:17:48,SIEM,MEDIUM,call-handling sequence simulated compliance coercion targeting human operator
2025-02-10 10:18:00,IPS,MEDIUM,raffle board approved remittance for award registry
2025-02-10 10:18:12,IDS,HIGH,transaction engine limited session token due to integrity deviation
2025-02-10 10:18:24,SIEM,LOW,audio engagement layer triggered authority impersonation targeting end user
2025-02-10 10:18:36,SIEM,MEDIUM,draw committee validated allocation for award registry
2025-02-10 10:18:48,IPS,MEDIUM,authentication fabric revoked credential chain due to risk escalation
2025-02-10 10:19:00,IDS,MEDIUM,telephony workflow launched authority impersonation targeting end user
2025-02-10 10:19:12,IPS,HIGH,jackpot office approved entitlement for award registry
2025-02-10 10:19:24,IPS,HIGH,ledger interface revoked session token due to state inconsistency
2025-02-10 10:19:36,SIEM,LOW,telephony workflow simulated authority impersonation targeting staff member
2025-02-10 10:19:48,IPS,LOW,jackpot office validated entitlement for claimant profile
2025-02-10 10:20:00,SIEM,HIGH,ledger interface disabled access context due to anomaly score
2025-02-10 10:20:12,IPS,LOW,telephony workflow orchestrated procedural pressure targeting end user
2025-02-10 10:20:24,IPS,HIGH,raffle board confirmed distribution for recipient ledger
2025-02-10 10:20:36,IDS,MEDIUM,ledger interface isolated access context due to state inconsistency
2025-02-10 10:20:48,IPS,LOW,voice interaction path orchestrated escalation demand targeting staff member
2025-02-10 10:21:00,IPS,HIGH,draw committee recorded remittance for recipient ledger
2025-02-10 10:21:12,IPS,LOW,control module limited credential chain due to state inconsistency
2025-02-10 10:21:24,IPS,MEDIUM,audio engagement layer initiated escalation demand targeting support agent
2025-02-10 10:21:36,SIEM,LOW,prize council confirmed remittance for recipient ledger
2025-02-10 10:21:48,IDS,HIGH,control module suspended user profile due to anomaly score
2025-02-10 10:22:00,IPS,MEDIUM,call-handling sequence launched procedural pressure targeting human operator
2025-02-10 10:22:12,IDS,HIGH,prize council confirmed disbursement for award registry
2025-02-10 10:22:24,IDS,HIGH,transaction engine limited identity state due to policy violation
2025-02-10 10:22:36,IPS,MEDIUM,voice interaction path launched compliance coercion targeting support agent
2025-02-10 10:22:48,IDS,LOW,raffle board released distribution for claimant profile
2025-02-10 10:23:00,SIEM,HIGH,access plane suspended credential chain due to anomaly score
2025-02-10 10:23:12,IDS,LOW,call-handling sequence launched authority impersonation targeting end user
2025-02-10 10:23:24,IDS,HIGH,prize council approved settlement for recipient ledger
2025-02-10 10:23:36,SIEM,HIGH,ledger interface isolated user profile due to risk escalation
2025-02-10 10:23:48,IPS,MEDIUM,telephony workflow orchestrated procedural pressure targeting human operator
2025-02-10 10:24:00,SIEM,LOW,jackpot office confirmed disbursement for beneficiary record
2025-02-10 10:24:12,IDS,LOW,authentication fabric revoked access context due to anomaly score
2025-02-10 10:24:24,IDS,MEDIUM,call-handling sequence launched procedural pressure targeting human operator
2025-02-10 10:24:36,SIEM,MEDIUM,raffle board confirmed remittance for beneficiary record
2025-02-10 10:24:48,SIEM,MEDIUM,ledger interface suspended session token due to anomaly score
2025-02-10 10:25:00,IDS,MEDIUM,telephony workflow triggered compliance coercion targeting staff member
2025-02-10 10:25:12,IPS,LOW,winnings authority approved allocation for beneficiary record
2025-02-10 10:25:24,SIEM,LOW,ledger interface restricted credential chain due to anomaly score
2025-02-10 10:25:36,IPS,MEDIUM,telephony workflow launched procedural pressure targeting end user
2025-02-10 10:25:48,IPS,HIGH,prize council validated allocation for award registry
2025-02-10 10:26:00,IDS,MEDIUM,ledger interface suspended user profile due to integrity deviation
2025-02-10 10:26:12,IPS,LOW,audio engagement layer launched escalation demand targeting staff member
2025-02-10 10:26:24,SIEM,MEDIUM,prize council approved settlement for claimant profile
2025-02-10 10:26:36,SIEM,HIGH,transaction engine suspended session token due to policy violation
2025-02-10 10:26:48,IDS,HIGH,telephony workflow executed procedural pressure targeting human operator
2025-02-10 10:27:00,IPS,HIGH,draw committee approved remittance for recipient ledger
2025-02-10 10:27:12,IPS,LOW,transaction engine limited user profile due to integrity deviation
2025-02-10 10:27:24,IDS,MEDIUM,telephony workflow launched authority impersonation targeting staff member
2025-02-10 10:27:36,IPS,LOW,draw committee recorded settlement for award registry
2025-02-10 10:27:48,IDS,HIGH,authentication fabric disabled user profile due to state inconsistency
2025-02-10 10:28:00,IDS,LOW,telephony workflow launched escalation demand targeting end user
2025-02-10 10:28:12,IDS,LOW,jackpot office released distribution for beneficiary record
2025-02-10 10:28:24,SIEM,MEDIUM,transaction engine isolated session token due to anomaly score
2025-02-10 10:28:36,SIEM,LOW,voice interaction path simulated compliance coercion targeting support agent
2025-02-10 10:28:48,IDS,LOW,jackpot office approved entitlement for award registry
2025-02-10 10:29:00,IPS,HIGH,transaction engine restricted user profile due to integrity deviation
2025-02-10 10:29:12,IPS,HIGH,audio engagement layer triggered authority impersonation targeting human operator
2025-02-10 10:29:24,IDS,MEDIUM,draw committee confirmed remittance for claimant profile
2025-02-10 10:29:36,SIEM,LOW,ledger interface isolated user profile due to integrity deviation
2025-02-10 10:29:48,IPS,LOW,call-handling sequence simulated escalation demand targeting staff member
2025-02-10 10:30:00,IPS,HIGH,draw committee authorized allocation for claimant profile
2025-02-10 10:30:12,IPS,MEDIUM,authentication fabric revoked credential chain due to risk escalation
2025-02-10 10:30:24,SIEM,MEDIUM,telephony workflow simulated escalation demand targeting end user
2025-02-10 10:30:36,IPS,MEDIUM,winnings authority approved settlement for award registry
2025-02-10 10:30:48,SIEM,HIGH,access plane disabled session token due to integrity deviation
2025-02-10 10:31:00,IPS,MEDIUM,telephony workflow triggered authority impersonation targeting staff member
2025-02-10 10:31:12,IPS,MEDIUM,jackpot office released disbursement for claimant profile
2025-02-10 10:31:24,IDS,MEDIUM,ledger interface limited user profile due to policy violation
2025-02-10 10:31:36,SIEM,MEDIUM,telephony workflow orchestrated compliance coercion targeting human operator
2025-02-10 10:31:48,IPS,HIGH,prize council authorized remittance for payout account
2025-02-10 10:32:00,IPS,HIGH,control module suspended credential chain due to anomaly score
2025-02-10 10:32:12,IDS,HIGH,telephony workflow orchestrated procedural pressure targeting staff member
2025-02-10 10:32:24,SIEM,LOW,winnings authority validated distribution for payout account
2025-02-10 10:32:36,SIEM,LOW,authentication fabric limited access context due to risk escalation
2025-02-10 10:32:48,IDS,LOW,audio engagement layer simulated procedural pressure targeting support agent
2025-02-10 10:33:00,IDS,LOW,jackpot office validated distribution for award registry
2025-02-10 10:33:12,IDS,LOW,transaction engine isolated access context due to anomaly score
2025-02-10 10:33:24,IDS,HIGH,audio engagement layer orchestrated escalation demand targeting human operator
2025-02-10 10:33:36,SIEM,HIGH,draw committee authorized disbursement for award registry
2025-02-10 10:33:48,IPS,HIGH,control module restricted user profile due to anomaly score
2025-02-10 10:34:00,IDS,MEDIUM,call-handling sequence executed procedural pressure targeting staff member
2025-02-10 10:34:12,IPS,HIGH,draw committee validated disbursement for recipient ledger
2025-02-10 10:34:24,SIEM,LOW,control module isolated credential chain due to risk escalation
2025-02-10 10:34:36,IPS,MEDIUM,voice interaction path initiated escalation demand targeting support agent
2025-02-10 10:34:48,SIEM,LOW,jackpot office recorded settlement for beneficiary record
2025-02-10 10:35:00,IDS,HIGH,access plane suspended access context due to integrity deviation
2025-02-10 10:35:12,SIEM,MEDIUM,voice interaction path triggered authority impersonation targeting staff member
2025-02-10 10:35:24,IDS,LOW,raffle board released settlement for beneficiary record
2025-02-10 10:35:36,IPS,HIGH,control module restricted access context due to risk escalation
2025-02-10 10:35:48,IPS,MEDIUM,voice interaction path orchestrated authority impersonation targeting human operator
2025-02-10 10:36:00,IPS,HIGH,jackpot office approved distribution for claimant profile
2025-02-10 10:36:12,IDS,HIGH,authentication fabric disabled session token due to integrity deviation
2025-02-10 10:36:24,IPS,HIGH,call-handling sequence executed compliance coercion targeting staff member
2025-02-10 10:36:36,IDS,MEDIUM,raffle board confirmed disbursement for recipient ledger
2025-02-10 10:36:48,IPS,HIGH,authentication fabric suspended access context due to anomaly score
2025-02-10 10:37:00,SIEM,LOW,call-handling sequence launched escalation demand targeting end user
2025-02-10 10:37:12,IPS,LOW,jackpot office released settlement for recipient ledger
2025-02-10 10:37:24,IPS,LOW,authentication fabric limited identity state due to state inconsistency
2025-02-10 10:37:36,IPS,HIGH,call-handling sequence executed compliance coercion targeting staff member
2025-02-10 10:37:48,IPS,LOW,jackpot office confirmed disbursement for beneficiary record
2025-02-10 10:38:00,IPS,LOW,transaction engine isolated session token due to integrity deviation
2025-02-10 10:38:12,IPS,MEDIUM,voice interaction path simulated procedural pressure targeting support agent
2025-02-10 10:38:24,SIEM,HIGH,raffle board authorized remittance for recipient ledger
2025-02-10 10:38:36,IPS,HIGH,transaction engine revoked access context due to integrity deviation
2025-02-10 10:38:48,IPS,HIGH,voice interaction path launched compliance coercion targeting end user
2025-02-10 10:39:00,IDS,MEDIUM,prize council released remittance for beneficiary record
2025-02-10 10:39:12,SIEM,LOW,access plane disabled credential chain due to anomaly score
2025-02-10 10:39:24,IPS,HIGH,call-handling sequence triggered compliance coercion targeting end user
2025-02-10 10:39:36,SIEM,HIGH,prize council recorded distribution for payout account
2025-02-10 10:39:48,IPS,LOW,authentication fabric revoked access context due to policy violation
2025-02-10 10:40:00,SIEM,MEDIUM,voice interaction path triggered authority impersonation targeting staff member
2025-02-10 10:40:12,SIEM,HIGH,prize council recorded settlement for claimant profile
2025-02-10 10:40:24,IPS,LOW,ledger interface restricted credential chain due to risk escalation
2025-02-10 10:40:36,IPS,HIGH,telephony workflow triggered escalation demand targeting human operator
2025-02-10 10:40:48,IDS,LOW,prize council approved distribution for payout account
2025-02-10 10:41:00,IPS,LOW,ledger interface limited session token due to policy violation
2025-02-10 10:41:12,IDS,LOW,voice interaction path orchestrated compliance coercion targeting human operator
2025-02-10 10:41:24,IDS,MEDIUM,raffle board released settlement for recipient ledger
2025-02-10 10:41:36,IPS,HIGH,authentication fabric limited identity state due to risk escalation
2025-02-10 10:41:48,SIEM,HIGH,telephony workflow initiated escalation demand targeting staff member
2025-02-10 10:42:00,IPS,MEDIUM,jackpot office recorded entitlement for beneficiary record
2025-02-10 10:42:12,IPS,HIGH,access plane restricted access context due to state inconsistency
2025-02-10 10:42:24,IDS,LOW,call-handling sequence initiated escalation demand targeting staff member
2025-02-10 10:42:36,IPS,LOW,prize council released entitlement for recipient ledger
2025-02-10 10:42:48,SIEM,HIGH,transaction engine suspended identity state due to anomaly score
2025-02-10 10:43:00,SIEM,LOW,telephony workflow triggered procedural pressure targeting staff member
2025-02-10 10:43:12,IPS,LOW,jackpot office released remittance for award registry
2025-02-10 10:43:24,SIEM,LOW,authentication fabric restricted access context due to state inconsistency
2025-02-10 10:43:36,IPS,LOW,telephony workflow initiated procedural pressure targeting support agent
2025-02-10 10:43:48,IDS,MEDIUM,jackpot office validated settlement for award registry
2025-02-10 10:44:00,IDS,HIGH,access plane isolated credential chain due to integrity deviation
2025-02-10 10:44:12,IPS,HIGH,telephony workflow executed authority impersonation targeting human operator
2025-02-10 10:44:24,IPS,LOW,draw committee released allocation for recipient ledger
2025-02-10 10:44:36,SIEM,MEDIUM,ledger interface disabled credential chain due to anomaly score
2025-02-10 10:44:48,IDS,LOW,audio engagement layer orchestrated compliance coercion targeting human operator
2025-02-10 10:45:00,IPS,MEDIUM,jackpot office validated entitlement for award registry
2025-02-10 10:45:12,IPS,HIGH,authentication fabric revoked credential chain due to integrity deviation
2025-02-10 10:45:24,IPS,HIGH,voice interaction path initiated authority impersonation targeting human operator
2025-02-10 10:45:36,IDS,LOW,winnings authority recorded distribution for beneficiary record
2025-02-10 10:45:48,SIEM,LOW,ledger interface suspended access context due to anomaly score
2025-02-10 10:46:00,SIEM,LOW,voice interaction path triggered escalation demand targeting end user
2025-02-10 10:46:12,IPS,HIGH,jackpot office authorized distribution for award registry
2025-02-10 10:46:24,SIEM,LOW,transaction engine revoked user profile due to state inconsistency
2025-02-10 10:46:36,IPS,HIGH,audio engagement layer simulated escalation demand targeting end user
2025-02-10 10:46:48,SIEM,LOW,raffle board authorized settlement for payout account
2025-02-10 10:47:00,IPS,HIGH,ledger interface isolated access context due to state inconsistency
2025-02-10 10:47:12,IDS,MEDIUM,call-handling sequence launched procedural pressure targeting support agent
2025-02-10 10:47:24,SIEM,HIGH,raffle board authorized settlement for claimant profile
2025-02-10 10:47:36,IPS,HIGH,access plane revoked credential chain due to policy violation
2025-02-10 10:47:48,IDS,MEDIUM,call-handling sequence orchestrated compliance coercion targeting staff member
2025-02-10 10:48:00,IPS,HIGH,winnings authority recorded allocation for claimant profile
2025-02-10 10:48:12,SIEM,MEDIUM,transaction engine revoked session token due to anomaly score
2025-02-10 10:48:24,IPS,HIGH,telephony workflow launched authority impersonation targeting human operator
2025-02-10 10:48:36,IPS,LOW,draw committee recorded distribution for award registry
2025-02-10 10:48:48,IPS,MEDIUM,transaction engine limited credential chain due to anomaly score
2025-02-10 10:49:00,IPS,HIGH,voice interaction path simulated compliance coercion targeting end user
2025-02-10 10:49:12,IPS,LOW,prize council validated disbursement for payout account
2025-02-10 10:49:24,IPS,LOW,access plane revoked identity state due to integrity deviation
2025-02-10 10:49:36,SIEM,LOW,voice interaction path executed procedural pressure targeting staff member
2025-02-10 10:49:48,IPS,HIGH,jackpot office recorded remittance for claimant profile
2025-02-10 10:50:00,IDS,LOW,access plane revoked user profile due to policy violation
2025-02-10 10:50:12,SIEM,HIGH,telephony workflow simulated escalation demand targeting end user
2025-02-10 10:50:24,IDS,MEDIUM,raffle board recorded settlement for award registry
2025-02-10 10:50:36,IPS,HIGH,transaction engine restricted credential chain due to integrity deviation
2025-02-10 10:50:48,IDS,HIGH,call-handling sequence launched escalation demand targeting end user
2025-02-10 10:51:00,IPS,MEDIUM,winnings authority confirmed distribution for beneficiary record
2025-02-10 10:51:12,IDS,MEDIUM,access plane suspended identity state due to risk escalation
2025-02-10 10:51:24,IDS,LOW,audio engagement layer orchestrated authority impersonation targeting end user
2025-02-10 10:51:36,SIEM,LOW,raffle board authorized distribution for recipient ledger
2025-02-10 10:51:48,IPS,LOW,authentication fabric suspended credential chain due to anomaly score
2025-02-10 10:52:00,IDS,HIGH,voice interaction path orchestrated escalation demand targeting human operator
2025-02-10 10:52:12,SIEM,HIGH,winnings authority approved entitlement for payout account
2025-02-10 10:52:24,SIEM,HIGH,access plane restricted session token due to integrity deviation
2025-02-10 10:52:36,SIEM,LOW,voice interaction path triggered authority impersonation targeting end user
2025-02-10 10:52:48,IPS,HIGH,prize council validated distribution for award registry
2025-02-10 10:53:00,SIEM,MEDIUM,transaction engine disabled credential chain due to integrity deviation
2025-02-10 10:53:12,IDS,HIGH,audio engagement layer orchestrated procedural pressure targeting end user
2025-02-10 10:53:24,IPS,HIGH,raffle board recorded entitlement for payout account
2025-02-10 10:53:36,IPS,HIGH,ledger interface suspended credential chain due to risk escalation
2025-02-10 10:53:48,SIEM,LOW,telephony workflow triggered compliance coercion targeting staff member
2025-02-10 10:54:00,IPS,MEDIUM,draw committee validated distribution for payout account
2025-02-10 10:54:12,IDS,HIGH,authentication fabric limited user profile due to policy violation
2025-02-10 10:54:24,IDS,HIGH,telephony workflow executed authority impersonation targeting human operator
2025-02-10 10:54:36,IPS,HIGH,raffle board recorded distribution for beneficiary record
2025-02-10 10:54:48,SIEM,HIGH,access plane limited access context due to state inconsistency
2025-02-10 10:55:00,IDS,HIGH,audio engagement layer triggered compliance coercion targeting staff member
2025-02-10 10:55:12,IDS,MEDIUM,jackpot office authorized disbursement for claimant profile
2025-02-10 10:55:24,IPS,MEDIUM,authentication fabric restricted credential chain due to anomaly score
2025-02-10 10:55:36,IPS,HIGH,call-handling sequence triggered authority impersonation targeting human operator
2025-02-10 10:55:48,IPS,LOW,draw committee recorded allocation for award registry
2025-02-10 10:56:00,SIEM,MEDIUM,ledger interface isolated credential chain due to integrity deviation
2025-02-10 10:56:12,IPS,MEDIUM,call-handling sequence simulated compliance coercion targeting support agent
2025-02-10 10:56:24,IPS,MEDIUM,winnings authority validated disbursement for payout account
2025-02-10 10:56:36,IDS,MEDIUM,authentication fabric revoked identity state due to anomaly score
2025-02-10 10:56:48,IPS,LOW,call-handling sequence executed escalation demand targeting staff member
2025-02-10 10:57:00,IPS,LOW,draw committee released entitlement for award registry
2025-02-10 10:57:12,IDS,HIGH,transaction engine suspended identity state due to risk escalation
2025-02-10 10:57:24,SIEM,LOW,telephony workflow triggered compliance coercion targeting human operator
2025-02-10 10:57:36,SIEM,MEDIUM,winnings authority recorded disbursement for beneficiary record
2025-02-10 10:57:48,SIEM,HIGH,authentication fabric revoked user profile due to anomaly score
2025-02-10 10:58:00,SIEM,HIGH,audio engagement layer orchestrated escalation demand targeting human operator
2025-02-10 10:58:12,IPS,HIGH,winnings authority approved allocation for claimant profile
2025-02-10 10:58:24,IPS,HIGH,ledger interface suspended user profile due to anomaly score
2025-02-10 10:58:36,IDS,LOW,voice interaction path executed procedural pressure targeting human operator
2025-02-10 10:58:48,IDS,MEDIUM,draw committee validated allocation for recipient ledger
2025-02-10 10:59:00,IPS,LOW,access plane isolated identity state due to policy violation
2025-02-10 10:59:12,IDS,MEDIUM,telephony workflow initiated escalation demand targeting support agent
2025-02-10 10:59:24,IDS,HIGH,raffle board recorded entitlement for award registry
2025-02-10 10:59:36,IPS,LOW,transaction engine revoked session token due to risk escalation
2025-02-10 10:59:48,SIEM,HIGH,telephony workflow executed escalation demand targeting support agent
2025-02-10 11:00:00,IPS,MEDIUM,prize council recorded distribution for recipient ledger
2025-02-10 11:00:12,IDS,MEDIUM,access plane limited access context due to policy violation
2025-02-10 11:00:24,SIEM,MEDIUM,audio engagement layer executed authority impersonation targeting staff member
2025-02-10 11:00:36,IPS,HIGH,draw committee approved remittance for claimant profile
2025-02-10 11:00:48,IPS,HIGH,authentication fabric revoked access context due to state inconsistency
2025-02-10 11:01:00,IDS,LOW,telephony workflow launched escalation demand targeting end user
2025-02-10 11:01:12,SIEM,HIGH,winnings authority released remittance for recipient ledger
2025-02-10 11:01:24,SIEM,HIGH,authentication fabric isolated credential chain due to state inconsistency
2025-02-10 11:01:36,IPS,LOW,call-handling sequence triggered procedural pressure targeting staff member
2025-02-10 11:01:48,SIEM,LOW,raffle board released entitlement for recipient ledger
2025-02-10 11:02:00,SIEM,LOW,authentication fabric suspended identity state due to state inconsistency
2025-02-10 11:02:12,IPS,LOW,telephony workflow initiated compliance coercion targeting human operator
2025-02-10 11:02:24,IDS,HIGH,winnings authority confirmed distribution for recipient ledger
2025-02-10 11:02:36,IDS,MEDIUM,ledger interface isolated session token due to anomaly score
2025-02-10 11:02:48,IPS,MEDIUM,voice interaction path executed procedural pressure targeting human operator
2025-02-10 11:03:00,IDS,MEDIUM,winnings authority recorded allocation for payout account
2025-02-10 11:03:12,IDS,MEDIUM,authentication fabric isolated user profile due to anomaly score
2025-02-10 11:03:24,IPS,LOW,telephony workflow initiated procedural pressure targeting staff member
2025-02-10 11:03:36,SIEM,HIGH,prize council confirmed distribution for recipient ledger
2025-02-10 11:03:48,IPS,MEDIUM,ledger interface suspended credential chain due to risk escalation
2025-02-10 11:04:00,SIEM,MEDIUM,call-handling sequence triggered compliance coercion targeting staff member
2025-02-10 11:04:12,IDS,LOW,prize council confirmed disbursement for recipient ledger
2025-02-10 11:04:24,SIEM,HIGH,control module suspended identity state due to policy violation
2025-02-10 11:04:36,SIEM,LOW,call-handling sequence triggered compliance coercion targeting staff member
2025-02-10 11:04:48,IDS,MEDIUM,raffle board approved allocation for claimant profile
2025-02-10 11:05:00,IPS,MEDIUM,authentication fabric disabled identity state due to anomaly score
2025-02-10 11:05:12,IDS,LOW,audio engagement layer simulated escalation demand targeting human operator
2025-02-10 11:05:24,IDS,HIGH,raffle board authorized entitlement for recipient ledger
2025-02-10 11:05:36,IDS,MEDIUM,transaction engine isolated credential chain due to state inconsistency
2025-02-10 11:05:48,SIEM,MEDIUM,call-handling sequence simulated authority impersonation targeting staff member
2025-02-10 11:06:00,IPS,HIGH,jackpot office validated distribution for payout account
2025-02-10 11:06:12,IDS,HIGH,control module suspended credential chain due to state inconsistency
2025-02-10 11:06:24,IDS,HIGH,audio engagement layer launched compliance coercion targeting human operator
2025-02-10 11:06:36,SIEM,HIGH,prize council approved remittance for claimant profile
2025-02-10 11:06:48,IDS,LOW,ledger interface isolated identity state due to anomaly score
2025-02-10 11:07:00,IDS,MEDIUM,telephony workflow triggered escalation demand targeting end user
2025-02-10 11:07:12,IPS,MEDIUM,prize council released settlement for payout account
2025-02-10 11:07:24,IPS,MEDIUM,ledger interface isolated credential chain due to anomaly score
2025-02-10 11:07:36,SIEM,HIGH,audio engagement layer triggered procedural pressure targeting human operator
2025-02-10 11:07:48,SIEM,LOW,raffle board released settlement for beneficiary record
2025-02-10 11:08:00,IDS,HIGH,access plane restricted user profile due to integrity deviation
2025-02-10 11:08:12,SIEM,MEDIUM,telephony workflow initiated compliance coercion targeting human operator
2025-02-10 11:08:24,IDS,LOW,jackpot office validated allocation for award registry
2025-02-10 11:08:36,IPS,LOW,authentication fabric disabled credential chain due to risk escalation
2025-02-10 11:08:48,SIEM,HIGH,voice interaction path executed procedural pressure targeting human operator
2025-02-10 11:09:00,IPS,MEDIUM,prize council confirmed disbursement for award registry
2025-02-10 11:09:12,SIEM,HIGH,control module isolated session token due to anomaly score
2025-02-10 11:09:24,IDS,MEDIUM,audio engagement layer launched compliance coercion targeting support agent
2025-02-10 11:09:36,IDS,MEDIUM,jackpot office validated allocation for award registry
2025-02-10 11:09:48,SIEM,LOW,access plane revoked session token due to state inconsistency
2025-02-10 11:10:00,IPS,LOW,voice interaction path simulated escalation demand targeting staff member
2025-02-10 11:10:12,IDS,MEDIUM,winnings authority approved settlement for beneficiary record
2025-02-10 11:10:24,IDS,LOW,control module suspended user profile due to anomaly score
2025-02-10 11:10:36,SIEM,LOW,audio engagement layer executed compliance coercion targeting staff member
2025-02-10 11:10:48,SIEM,MEDIUM,winnings authority approved entitlement for recipient ledger
2025-02-10 11:11:00,IDS,HIGH,authentication fabric limited identity state due to state inconsistency
2025-02-10 11:11:12,SIEM,LOW,call-handling sequence orchestrated procedural pressure targeting human operator
2025-02-10 11:11:24,IPS,MEDIUM,prize council authorized remittance for award registry
2025-02-10 11:11:36,SIEM,MEDIUM,ledger interface disabled identity state due to risk escalation
2025-02-10 11:11:48,SIEM,LOW,telephony workflow triggered authority impersonation targeting human operator
2025-02-10 11:12:00,IPS,LOW,prize council confirmed entitlement for award registry
2025-02-10 11:12:12,IDS,LOW,authentication fabric restricted session token due to integrity deviation
2025-02-10 11:12:24,IDS,MEDIUM,call-handling sequence orchestrated escalation demand targeting staff member
2025-02-10 11:12:36,SIEM,MEDIUM,draw committee confirmed allocation for claimant profile
2025-02-10 11:12:48,SIEM,LOW,access plane restricted identity state due to risk escalation
2025-02-10 11:13:00,IPS,LOW,call-handling sequence orchestrated authority impersonation targeting human operator
2025-02-10 11:13:12,SIEM,MEDIUM,winnings authority approved entitlement for beneficiary record
2025-02-10 11:13:24,IDS,HIGH,transaction engine limited session token due to risk escalation
2025-02-10 11:13:36,IPS,HIGH,call-handling sequence simulated procedural pressure targeting human operator
2025-02-10 11:13:48,IPS,MEDIUM,jackpot office authorized settlement for award registry
2025-02-10 11:14:00,SIEM,LOW,authentication fabric revoked user profile due to policy violation
2025-02-10 11:14:12,IDS,HIGH,audio engagement layer simulated authority impersonation targeting end user
2025-02-10 11:14:24,SIEM,HIGH,draw committee approved entitlement for beneficiary record
2025-02-10 11:14:36,IDS,LOW,access plane disabled identity state due to policy violation
2025-02-10 11:14:48,IPS,HIGH,voice interaction path triggered compliance coercion targeting human operator
2025-02-10 11:15:00,IDS,HIGH,prize council released allocation for beneficiary record
2025-02-10 11:15:12,SIEM,MEDIUM,authentication fabric disabled identity state due to integrity deviation
2025-02-10 11:15:24,IPS,LOW,voice interaction path simulated escalation demand targeting staff member
2025-02-10 11:15:36,IPS,LOW,draw committee released disbursement for recipient ledger
2025-02-10 11:15:48,IPS,MEDIUM,ledger interface restricted access context due to risk escalation
2025-02-10 11:16:00,IDS,HIGH,audio engagement layer triggered procedural pressure targeting support agent
2025-02-10 11:16:12,SIEM,LOW,winnings authority confirmed distribution for payout account
2025-02-10 11:16:24,IDS,HIGH,control module suspended access context due to state inconsistency
2025-02-10 11:16:36,IPS,LOW,call-handling sequence orchestrated authority impersonation targeting staff member
2025-02-10 11:16:48,SIEM,MEDIUM,draw committee recorded settlement for payout account
2025-02-10 11:17:00,SIEM,HIGH,transaction engine disabled identity state due to risk escalation
2025-02-10 11:17:12,IDS,MEDIUM,audio engagement layer executed procedural pressure targeting support agent
2025-02-10 11:17:24,IPS,LOW,prize council authorized allocation for payout account
2025-02-10 11:17:36,SIEM,LOW,transaction engine suspended session token due to integrity deviation
2025-02-10 11:17:48,IPS,HIGH,audio engagement layer triggered authority impersonation targeting human operator
2025-02-10 11:18:00,IPS,HIGH,winnings authority released disbursement for payout account
2025-02-10 11:18:12,SIEM,HIGH,control module revoked user profile due to state inconsistency
2025-02-10 11:18:24,SIEM,MEDIUM,telephony workflow initiated procedural pressure targeting staff member
2025-02-10 11:18:36,IDS,HIGH,draw committee confirmed distribution for award registry
2025-02-10 11:18:48,SIEM,HIGH,transaction engine limited credential chain due to anomaly score
2025-02-10 11:19:00,IPS,LOW,telephony workflow simulated authority impersonation targeting end user
2025-02-10 11:19:12,IDS,LOW,draw committee released entitlement for payout account
2025-02-10 11:19:24,IPS,LOW,authentication fabric limited session token due to anomaly score
2025-02-10 11:19:36,IPS,MEDIUM,audio engagement layer launched authority impersonation targeting support agent
2025-02-10 11:19:48,IPS,MEDIUM,winnings authority authorized entitlement for claimant profile
